stage,timestamp,zone_id,ambient_temperature_f,wind_speed_mph,humidity_pct
1,2026-08-15T13:00:00-07:00,Z-01,88,8,40
1,2026-08-15T13:00:00-07:00,Z-02,87,7,45
1,2026-08-15T13:00:00-07:00,Z-03,88,7,45
2,2026-08-15T14:00:00-07:00,Z-01,94,12,32
2,2026-08-15T14:00:00-07:00,Z-02,89,8,42
2,2026-08-15T14:00:00-07:00,Z-03,90,8,42
3,2026-08-15T15:00:00-07:00,Z-01,100,18,24
3,2026-08-15T15:00:00-07:00,Z-02,91,9,39
3,2026-08-15T15:00:00-07:00,Z-03,92,9,39
4,2026-08-15T15:30:00-07:00,Z-01,102,38,15
4,2026-08-15T15:30:00-07:00,Z-02,93,10,36
4,2026-08-15T15:30:00-07:00,Z-03,94,10,36
5,2026-08-15T16:00:00-07:00,Z-01,104,46,11
5,2026-08-15T16:00:00-07:00,Z-02,95,11,33
5,2026-08-15T16:00:00-07:00,Z-03,96,11,33
